reviewId,userName,userImage,content,score,thumbsUpCount,reviewCreatedVersion,at,replyContent,repliedAt,appVersion,cleaned_content,sentiment
b121bdef-bfe6-47e3-a204-276f2d94f1fb,Addis Assefa,https://play-lh.googleusercontent.com/a-/ALV-UjW0495clHvlXjIGzrVfGR6nFCIaqZ_U3pOr0tNKJ_Hu4cjGBRk,Crashes continuously. That's how it's been for months now. Do something.,1,0,1.0.55,2024-08-17T09:18:12,,,1.0.55,crashes continuously thats months something,negative
4289b26f-d34b-4d36-9a2a-617cd2cdc40c,Mehbuba Murads,https://play-lh.googleusercontent.com/a/ACg8ocIDSjOY0fS32sDzkMr-3YGYXmNmoKwhFfN0ZxebQVxi-x7Ndg=mo,It fantastic transport service,5,0,1.0.55,2024-11-11T04:02:07,,,1.0.55,fantastic transport service,positive
2b88e0d8-90b2-407f-ae36-03a5bddc5f04,maya fekadu,https://play-lh.googleusercontent.com/a/ACg8ocILlPZ8b-Cf6e7lRZU6PZCvu-pU2FxpmkV0BT5J2_km7qrqBw=mo,Best app & very easy to access ‚ù§,5,2,1.0.43,2022-09-05T11:59:04,,,1.0.43,best app easy access,positive
e4dc4bc4-7947-458c-a900-b06c20b7c1ee,Pila Pilo,https://play-lh.googleusercontent.com/a-/ALV-UjU7vNddyK3eH0_R1NaULYVf-OD1ESAsdkk_z2JLqXbJTDrgDQCw,I LOVE the way I LOVE the way I do it would have 2222nd birthday parties and he is a great person but I am a very young girl who is very shy about it and is not the best person I know and I don't think she's ever going out to make it happen again because she's a little bit of an adult with a little girl who doesn't know what she is doing in a school and she doesn't know what she is going through or what she's going through with a girl and he doesn't know how much I love the other guys but you...,5,0,,2024-09-21T16:42:14,,,,love way love way would 2222nd birthday parties great person young girl shy best person know dont think shes ever going make happen shes little bit adult little girl doesnt know school doesnt know going shes going girl doesnt know much love guys,positive
6705fb22-1610-4794-8940-5cf1f69e3687,GASHAW MELKAMU,https://play-lh.googleusercontent.com/a-/ALV-UjU1N8RoDWZE84VlLNTNpahaOw7vV4-6Qde0q9LrtLh6JQ-Ws5Y,Wowüíêüíêüíêü•∞ü•∞,5,0,1.0.55,2024-12-29T05:04:40,,,1.0.55,wow,positive
e6d343a5-14e2-4439-8f5e-3e9aeea302f7,Caalaa Mahamed,https://play-lh.googleusercontent.com/a-/ALV-UjVn1SEUjwJRs6eLBZlQ5qvavtNXyMPzTX30FWk0tgENaHE27U9ZyQ,Nice app üëå,5,0,1.0.46,2022-11-08T21:03:00,,,1.0.46,nice app,positive
a881d0e6-0a12-47ef-a4fc-b04847b484b5,Alula Tesfay,https://play-lh.googleusercontent.com/a/ACg8ocLTX0s4fFDftGUgy5mfxxSCxgsNtn7LhmRe6ZrSFZ-MUsgPxC4=mo,"Customer satisfaction is zero. You guys don't support customer when your drivers try to scam the customer. The funny part is when I call the support center, they just subtract the driver's commission to Feres, and make the customer pay. Shame in you Feres 1 for underestimate your customers, thinking that we will not figure the maths. Shame Feres. 2nd tricking your customers. Now I know why people choose ride over feres. And don't say we will fix the issue from automatic reply.",1,0,1.0.49,2023-04-09T23:20:20,,,1.0.49,customer satisfaction zero guys dont support customer drivers try scam customer funny part call support center subtract drivers commission feres make customer pay shame feres 1 underestimate customers thinking figure maths shame feres 2nd tricking customers know people choose ride feres dont say fix issue automatic reply,negative
bcba5f54-27af-4413-b5d1-464c0de70193,NATNAEL ABEBE,https://play-lh.googleusercontent.com/a/ACg8ocKEOsk91w6dYxIkGylP9l4Shd3rhQspJaMJlpjoNmBWUf9kWDt1=mo,You can't convert the Miles,2,0,1.0.53,2024-02-25T19:33:35,,,1.0.53,cant convert miles,positive
50862765-f1d7-4836-909b-0b22fe704f6f,solomon simegn,https://play-lh.googleusercontent.com/a-/ALV-UjWbBOhkt8_TWgXnnbFLVR3F76qWG0xPo2bcgnOOKRLRVsylp9aL,Exeptional,5,0,1.0.40,2022-08-22T19:35:20,,,1.0.40,exeptional,positive
2902b374-f227-4969-be3d-1bbdfd7fea8b,Fiker Tg,https://play-lh.googleusercontent.com/a/ACg8ocJiXVrWSGlpnkVVAADFSIDWuJbWhpO28R9eAn8qZ_Y5jf6ZJA=mo,sometimes its stop automatically when you open the app,1,2,1.0.62,2025-07-30T11:11:38,,,1.0.62,sometimes stop automatically open app,negative
bc5474a6-51bc-4975-aede-ba24b19de9a5,Haylye Alamtew,https://play-lh.googleusercontent.com/a/ACg8ocLLKNpz--v4IEihkpBFm-HBUPWaJPoQCwxYPDKBzZWlGL_J9w=mo,Work Driver Car,5,0,1.0.55,2024-04-07T14:05:31,,,1.0.55,work driver car,positive
d0d14809-1c4d-4541-b8a0-57b8ab1a6a29,Alemayehu Yeahitla,https://play-lh.googleusercontent.com/a/ACg8ocL82PAmb6lgo9d7Ro9p5TjKa3w4OFlt2jmdEtRY0-Wi6rJ1yA=mo,Effort is good,5,0,,2022-10-31T17:55:54,,,,effort good,positive
87d274c8-fbdb-4701-8515-43a733669fe4,DA2 Master Ethiopia,https://play-lh.googleusercontent.com/a-/ALV-UjUcEATU6jdjTZ7VT5OEbacws6s1XsMaDFL3j6hOVtxe5INzgUY,√íoooooo,5,0,,2022-07-19T13:18:08,,,,√≤oooooo,negative
8343fdac-c897-4482-a962-aedfce886871,Tigist Belete,https://play-lh.googleusercontent.com/a/ACg8ocKYjuttTABtINbFhVRc1_mFuTTRJNnH_vxQpUKzQn0o2vdXCVc=mo,"Since the new update the application keeps crashing. I can't even open it. I love Feres but it's forcing me to use other Ride service, please fix it.",1,2,1.0.55,2024-08-23T09:44:08,,,1.0.55,since new update application keeps crashing cant even open love feres forcing use ride service please fix,negative
a5c4cf9a-815d-4d3b-8251-ee542d1a3d2a,Tebibu Solomon,https://play-lh.googleusercontent.com/a/ACg8ocIL1MN1eJ2kd4rimnzzvRQG14i5FYBLXhxFZcfZu4Ymk8ywPQ=mo,The worst application ever,1,0,1.0.49,2023-02-04T22:09:23,,,1.0.49,worst application ever,negative
7c5141e5-69dd-4f85-b438-0ff447270053,Abshir Abdullahi,https://play-lh.googleusercontent.com/a-/ALV-UjX0jgu0_vFOn6VZfwMufb1g4C_qGXZ53FEQIUGaCpf7KakmqvA,"Ferez has been my option one, even I used to wait The drivers when they are late even as the service is secure, but nowadays the App is becoming so weird even if you clear the data or clear cache, another thing is it says ""this app may not work your devic soon"" please return the ferez app that we used to know.",1,0,,2025-08-05T11:32:48,,,,ferez option one even used wait drivers late even service secure nowadays app becoming weird even clear data clear cache another thing says app may work devic soon please return ferez app used know,negative
a899d7d6-91be-4e66-8006-dc811875e062,Abubakr Mohammed,https://play-lh.googleusercontent.com/a/ACg8ocLUVD8a03kNnJ_F3eVEVANh5Fb2CKTfx4-rbrDBEbUJmpI_gQ=mo,Very goos taxi service in addis ababa with affordable prices,5,0,,2023-12-02T08:42:00,,,,goos taxi service addis ababa affordable prices,positive
24d29b41-f55c-49b5-9702-83610dc92323,Eyob Retta,https://play-lh.googleusercontent.com/a/ACg8ocJaUfWHPYcFjRG5QcMjoogn5vN_lL5Z_EWUCX2ekFiDxJveDg=mo,·çà·à®·àµ·äì ·â∞·âã·à≠·å¶·â•·äõ·àç,4,0,1.0.55,2025-01-24T11:44:43,,,1.0.55,·çà·à®·àµ·äì ·â∞·âã·à≠·å¶·â•·äõ·àç,positive
c403f4dc-fe12-4977-8a43-e97fb7b72eff,Tsega Melesse,https://play-lh.googleusercontent.com/a/ACg8ocJn9gG5KytVg14PcQHyg4JxYedAE9oBjCh1kBqyC1MaUAL6UQ=mo,before the app was good but after the update it was worse it's location of pick up point won't reset back to the current location and when I wanted to cancel the trip it wouldn't allow me. oww I almost forgot why do I have to give a tip inorder to be picked that's not the meaning of a tip as far as I know a tip is given when u r satisfied it is not to get a service and that's a bribe to me. The update was the worst.,1,3,,2025-05-27T10:59:49,,,,app good update worse location pick point wont reset back current location wanted cancel trip wouldnt allow oww almost forgot give tip inorder picked thats meaning tip far know tip given u r satisfied get service thats bribe update worst,negative
7d123ba7-ecab-4c85-b8d9-37f71f4b491d,Kalid Mohammed,https://play-lh.googleusercontent.com/a-/ALV-UjWPAlYUYgCz2pjaEHznV1QNjDzFpUCFaVK2sXItzFcBhgy9KDc,Yeroo,2,0,,2022-10-11T00:18:25,,,,yeroo,neutral
e00f1997-4b40-451a-b924-f7b9174cc1a3,helen tesfaye,https://play-lh.googleusercontent.com/a/ACg8ocIT_sz1FiEC6_rmParTbBO1oPgzIOZ1AeIfYoOKIA1p2oozuw=mo,Perfect all,5,0,1.0.46,2022-11-13T20:38:38,,,1.0.46,perfect,positive
40d38742-f2ce-4c9c-a2ee-be10ca620e58,EYSYS,https://play-lh.googleusercontent.com/a-/ALV-UjVRgiVEyUMfBcvC-Nlv3GmTLXfiDj7mtdC0uO8c_Qb2ju2bs88Y,keeps crashing.. can't even use it when I need it the most - disgusting,1,16,1.0.55,2024-04-11T22:44:10,,,1.0.55,keeps crashing cant even use need disgusting,negative
3d96c5cc-57c1-484a-ad5f-c9ca0e4e4dab,Aklilu Belay,https://play-lh.googleusercontent.com/a-/ALV-UjW6s453d3j9jG94Fk3l5w8nlGhnAhaJb3rbraHD2HHjKV0sKAVn,I always enjoy using Feres. The drivers are disciplined and they are glad working as Feres driver. Thanks Feres Transport and keep it up!,5,4,1.0.43,2022-09-05T12:11:43,,,1.0.43,always enjoy using feres drivers disciplined glad working feres driver thanks feres transport keep,positive
89b2a315-02e5-433d-9722-355243254c77,Frew Atiklt,https://play-lh.googleusercontent.com/a/ACg8ocLMahotlqqurqaZyILcbS4TQTvUF2nnFVRmk5rkYE-akNwDqQ=mo,the worst app in Ethiopia,1,0,1.0.61,2025-07-13T23:16:27,,,1.0.61,worst app ethiopia,negative
2637565e-0d29-4f12-88c7-3f930607be8e,Abel Weldeabzgi,https://play-lh.googleusercontent.com/a/ACg8ocKrkwcBHZ6yj9F5NyUGY-0Ulm0W6SzJ_lkwqxJT-yV8X53Y_w=mo,I have used this app for a long time and it is good in your work but the app is very difficult,1,0,,2025-07-23T15:26:40,,,,used app long time good work app difficult,neutral
8d914a13-65b5-4805-b553-0dab2a90d7b9,Med Grm 21,https://play-lh.googleusercontent.com/a-/ALV-UjX1ToxCkhqzTgjvHcufWUyiwSLq3zOUCJ3wE-C11X3sIOZYjD3D,Fast response,5,0,1.0.49,2022-11-05T19:36:27,,,1.0.49,fast response,positive
d84114fe-2127-4788-8f56-09f0f40ff16c,sofonias Samuel,https://play-lh.googleusercontent.com/a/ACg8ocLh9_63Bg-H1BtFy5bLvfBm5bpbrA8fytZvxFI8TEBym6yW8w=mo,It amazing,5,0,1.0.43,2022-09-05T14:16:11,,,1.0.43,amazing,positive
1ff42d6d-66eb-4a22-b2d5-e9ad2df14e13,Abduljebar Nesredin,https://play-lh.googleusercontent.com/a/ACg8ocKojh9Z8o6QUPXABQdWevP5ww7po5AQLPMz_HTVDPcJeHGYOw=mo,I have been using your app for long time now. it is acting weird after theast update and now it is not opening at all. get your stuff together.,4,7,1.0.62,2025-07-03T11:50:39,,,1.0.62,using app long time acting weird theast update opening get stuff together,positive
bbe9e1a0-9fa4-42f4-9ebf-d873fef84892,melese tekela,https://play-lh.googleusercontent.com/a/ACg8ocLdSepIeaZqzGTrfU-t0SZbcfA7WNgF2rf0mUDJYJAm6Jcgyw=mo,More,1,0,1.0.42,2022-11-11T16:10:49,,,1.0.42,,neutral
e59551a8-4969-4f5d-b6b5-60ffef70a119,Ezra Aklil,https://play-lh.googleusercontent.com/a-/ALV-UjVOJvM7bNGnTA9TLy4hXLWLmIigi9ZSg7PsHwi0mwsXzrdhiyHo,the app in general was fine but on my Android 15 phone it's been crashing nonstop fix it please,3,0,,2025-07-13T20:14:10,,,,app general fine android 15 phone crashing nonstop fix please,neutral
9fa04bed-0e9b-4f72-aee8-5558e1378352,Farhan Mirza,https://play-lh.googleusercontent.com/a-/ALV-UjWYzqDRnGc_2wjwAHx3LmH9sv_3yWSYnTUvV91FvyittfdUt_rcRg,1 of the Bad application in ethiopia whenever open app auto closed. now am using ride perfect and happy,1,0,1.0.62,2025-08-02T19:18:22,,,1.0.62,1 bad application ethiopia whenever open app auto closed using ride perfect happy,negative
c90fe041-419c-48ad-8557-377ed84fe6f1,bereket abebe,https://play-lh.googleusercontent.com/a-/ALV-UjWJsVB_5UY8KRrZwrH03R93f63ncYFMbL1h1iN_fDx-YbWVcODv,This company is marvelous,5,0,1.0.43,2022-09-05T11:49:35,,,1.0.43,company marvelous,positive
be795f7e-8594-4a24-a683-a824563ee121,Ekram Mohammed,https://play-lh.googleusercontent.com/a/ACg8ocJoWctOwSGGHXWKFG4sRSNB6l_dgo-ELo4gRfotgv5I3YF8xA=mo,"It has been about 4 months since the app stopped working on my phone. I was prompted to update, and it has not worked since. I have tried uninstalling & and reinstalling, restarting my phone; updating but nothing works. I contacted your call center today and was advised that the version I have is 55, but it is currently 63. So once again, I uninstalled, restarted my phone, and reinstalled, BUT IT STILL DOESN'T WORK! This is really frustrating & I hope it can be fixed quickly.",1,1,1.0.55,2025-06-23T15:24:48,,,1.0.55,4 months since app stopped working phone prompted update worked since tried uninstalling reinstalling restarting phone updating nothing works contacted call center today advised version 55 currently 63 uninstalled restarted phone reinstalled still doesnt work really frustrating hope fixed quickly,negative
cae13b61-373c-4d38-8122-430a9cf80484,Jibril Sano,https://play-lh.googleusercontent.com/a-/ALV-UjUUdViZ4CxCfQpK2x7sophrYfYs75QNfzNIPA15TVf3mulZeN4,Very good app,5,0,1.0.55,2024-04-04T18:22:45,,,1.0.55,good app,positive
6c538d68-3a29-46a9-9a4d-9632d7a8b04b,Omar Bihi,https://play-lh.googleusercontent.com/a/ACg8ocIhORNq6utunvJ6GLZG-0HxcN6dfoBnuhgdfyrM88sXjbTqPA=mo,I can't update the app that is so disappointing,1,0,,2023-01-26T17:15:17,,,,cant update app disappointing,negative
3739a9e2-b7b6-47b5-8da1-927a2c9114a2,Yeabsira Fasil,https://play-lh.googleusercontent.com/a-/ALV-UjUIBxnu9nRmFSQ9ZgqAfFpCdDW9_x0YrvMhl-VDCjpMInYo4QA,"The best Transport systemüëèüëè,I recommend for others.",5,0,1.0.55,2024-11-09T08:34:59,,,1.0.55,best transport systemi recommend others,positive
5e478f00-3dd8-4f71-92b5-3d0e5e4a8152,Mesfin Belay,https://play-lh.googleusercontent.com/a/ACg8ocI37PfvEjgb0qQGsb9lr2QpXzCPazThTOnBLCKJz-s1EzinNw=mo,·â†·å£·àù ·ä†·à™·çç ·äê·ãç,5,0,1.0.55,2024-11-06T23:58:32,,,1.0.55,·â†·å£·àù ·ä†·à™·çç ·äê·ãç,positive
775e0771-6b0a-48fd-a304-9c7946bde801,Temesgen Girma,https://play-lh.googleusercontent.com/a/ACg8ocKW3fuZOAIiNSBuATpxk4M74QPpCKn4aNxSzyMB_i8a_c3ZUQ=mo,the app is not working and didn't send OTP via phone adress please fix this,1,0,,2025-07-10T18:26:12,,,,app working didnt send otp via phone adress please fix,neutral
fe860516-40f8-4852-8435-ddc69fba06d0,Aman Husen,https://play-lh.googleusercontent.com/a/ACg8ocJMR0Qvc-jQQWk4FTknBxvdGUOvlgCClu3E2Clyy4gcLimuIQ=mo,Great app I always enjoy this app.,5,0,1.0.36,2022-09-05T08:49:39,,,1.0.36,great app always enjoy app,positive
aa6f47a9-48fc-4f95-a4b1-71488c0e0227,daniel kebede,https://play-lh.googleusercontent.com/a/ACg8ocIKlhH5b4qrxLiqhE4RCH44iWInZYw6YEhqLbXwkZY0SCBV6Q=mo,"Disrespectful drivers and no use for the so called ""feres miles"" the app is very laggy and almost no driver appears.Never using this app again.Take your money somewhere else because feres dont care about customers and their reputation.",1,0,,2023-10-02T17:18:49,,,,disrespectful drivers use called feres miles app laggy almost driver appearsnever using app againtake money somewhere else feres dont care customers reputation,negative
08756bb0-6ce9-4df1-858c-6f42655a8b91,Gemechu Jemma,https://play-lh.googleusercontent.com/a/ACg8ocLkeXDvGu3uSmP5bXqR1BXdUwzRDxfenxBpQ-Ku8c-NEa8K1Q=mo,Great app and service. specially I like the free miles discount or cash back via miles .I usually get a cash back via miles for booking feres ride except on few trips .my only negative suggestion for improvement is that there is no botton or option within the app to sign out from register account or i couldnot change phone number from the app. So i had to uninstall and reinstall to register with a new sim.would. have given it 5 stars but for now 4.,4,12,1.0.49,2023-09-14T13:34:45,,,1.0.49,great app service specially like free miles discount cash back via miles usually get cash back via miles booking feres ride except trips negative suggestion improvement botton option within app sign register account couldnot change phone number app uninstall reinstall register new simwould given 5 stars 4,positive
c073ba45-cb65-40f3-bf37-86cc3fcc9637,Ruth Kiros,https://play-lh.googleusercontent.com/a/ACg8ocJVHxZ6CLw51fLqyNQhuFt9cpfozeSaXqLhw6FYEzLWymA2BA=mo,i like the new interface but the search bar isn't working at all.,3,0,1.0.61,2025-05-08T14:25:22,,,1.0.61,like new interface search bar isnt working,negative
b8656d44-c8df-45d1-bac6-3a6d6724ed20,Girma Moges,https://play-lh.googleusercontent.com/a-/ALV-UjU9tfOCdFIXtOb0sJgPlJG78oMbfL65R7osgSCeR_5znTyclh7x,Nice ap,5,0,,2024-10-01T08:49:41,,,,nice ap,positive
b89007dc-a069-4aa8-a678-b06020881f68,Franklin Clinton,https://play-lh.googleusercontent.com/a-/ALV-UjWp2UD9lj1xcSJQkkjRXejqUK9e3e3F_MXtHGj9ILEvkK4I-Uk,"Great app sorry for the 3 stars i wish i can give you more than 5 but i need your attention! The App have an issue such as When you try to look for a taxi nearby sometimes it wont show them up yet the drivers will call you! And the Estimated Fair price and the final Fair price is so much diffrent upto 100 birr! Which isnt fair! Rather than that great customer service, Keep up the good work.",3,3,1.0.55,2025-03-14T20:19:48,,,1.0.55,great app sorry 3 stars wish give 5 need attention app issue try look taxi nearby sometimes wont show yet drivers call estimated fair price final fair price much diffrent upto 100 birr isnt fair rather great customer service keep good work,neutral
63b78b16-1405-4442-b438-8eed36b45e0f,Ephrem Tria,https://play-lh.googleusercontent.com/a/ACg8ocL9E3n42Tgb_69PmKLBoZwfHND1UWNSr_UmoEre1hXt8uTHfg=mo,"Feres is my favorite ride transport provider with timely response, easy & user friendly app, reasonable & optimal price, good customer service, and other features such as Feres Miles, etc.",5,0,,2025-04-14T14:06:15,,,,feres favorite ride transport provider timely response easy user friendly app reasonable optimal price good customer service features feres miles etc,positive
425b3b75-33f4-4b19-8a21-33153359cc1c,Lala Debebe,https://play-lh.googleusercontent.com/a/ACg8ocLbG4c160dmxMGa30voG7nTXmpM8lGy4VvRtguXEkzrq9E6iQ=mo,"why is the new update asking for a tip, before the service is even connected? what for? Feres is saying to customers to 'incentivize' drivers to accept a fare.",1,5,1.0.61,2025-04-13T21:32:10,,,1.0.61,new update asking tip service even connected feres saying customers incentivize drivers accept fare,negative
0c024a59-707a-44a6-b6d7-337af68562a0,serkalem Nurlegn,https://play-lh.googleusercontent.com/a/ACg8ocIOGk05Lbcv9s1dvPQdnIVboYUbSvAtgY6Dmlo5-TECNg_lww=mo,"the latest update has ruined the app. it never finds your location automatically, added unnecessary prompts like asking if you will be paying cash and most Importantly good luck getting matched to a provider even after a long wait. please please fix it back to the way it was. this is exceptionally annoying.",2,12,1.0.62,2025-07-08T19:36:10,,,1.0.62,latest update ruined app never finds location automatically added unnecessary prompts like asking paying cash importantly good luck getting matched provider even long wait please please fix back way exceptionally annoying,negative
460f3924-1787-4eb6-92e1-09a8efdf1bdd,Maereg mesfin,https://play-lh.googleusercontent.com/a-/ALV-UjUUs1AxRdBN4M6XwNhoItSvBY3hIdKUseVyVtqJhLKJ0xLATJ1M,The map is soo bad,1,0,1.0.49,2023-05-19T15:21:47,,,1.0.49,map soo bad,negative
f8836160-fd17-4300-b18c-6003e4e5673a,ismael ibrahim,https://play-lh.googleusercontent.com/a/ACg8ocIOu3cqAE_Oh5p4_aWSGi3DDRfbBFSRc5bKGEWQmKCiZtbySw=mo,·â†·å£·àù ·ã®·àù·äï·äÆ·à´·â†·âµ ·ã®·àÖ·â•·à®·â∞·à∞·â•·äï ·ã®·âµ·à´·äï·àµ·çñ·à≠·âµ ·âΩ·åç·à≠ ·ã®·çà·â≥ ·â†·âµ·äï·àΩ ·â•·à≠ ·â•·ãô ·ä†·åà·àç·åç·àé·âµ ·ã´·åà·äò·äï·â†·âµ ·çç·åπ·àù ·àµ·àã·àõ·ãä ·åâ·ãû·ç¢ ·ã®·çà·à®·àµ ·ãµ·à≠·åÖ·âµ ·àò·àµ·à´·âæ·âΩ ·â†·à≠·â±·àç·äï ......·ä•·äì·àò·à∞·åç·äì·àà·äï·ç¢,5,0,1.0.55,2024-11-07T00:13:54,,,1.0.55,·â†·å£·àù ·ã®·àù·äï·äÆ·à´·â†·âµ ·ã®·àÖ·â•·à®·â∞·à∞·â•·äï ·ã®·âµ·à´·äï·àµ·çñ·à≠·âµ ·âΩ·åç·à≠ ·ã®·çà·â≥ ·â†·âµ·äï·àΩ ·â•·à≠ ·â•·ãô ·ä†·åà·àç·åç·àé·âµ ·ã´·åà·äò·äï·â†·âµ ·çç·åπ·àù ·àµ·àã·àõ·ãä ·åâ·ãû ·ã®·çà·à®·àµ ·ãµ·à≠·åÖ·âµ ·àò·àµ·à´·âæ·âΩ ·â†·à≠·â±·àç·äï ·ä•·äì·àò·à∞·åç·äì·àà·äï,positive
2203d2dd-5294-45ce-9283-d3e63c4bbfc6,Yohannes Negussie,https://play-lh.googleusercontent.com/a-/ALV-UjVsExNY6g2QFomcbiqcKmkU9z8x9wAJbSbHaT8oZMfN89NYGaWJ,"Best experience I have ever had next to ride app. The thing I said that is the drivers doesn't accept the trip so quick, sometimes I get accepted after 2 or 3 times trials. Just fix on that. Despite that I really like this transport service. Thumbs up üëçüëç",4,68,1.0.51,2023-10-25T13:59:39,,,1.0.51,best experience ever next ride app thing said drivers doesnt accept trip quick sometimes get accepted 2 3 times trials fix despite really like transport service thumbs,positive
bd0b9fec-a8f0-4a2c-b221-2217288ab4a4,Sayid Abdisalam,https://play-lh.googleusercontent.com/a-/ALV-UjXODhD_ZHP7X-7C81LWzwG4ge8rh_9IYfEqyU4vq0Ji9lLA1rwU7A,Excellent!,5,0,,2023-09-16T14:55:21,,,,excellent,positive
2c7e4a0c-29a4-448d-bd24-1fae77ffbdec,Temesgen Reta,https://play-lh.googleusercontent.com/a/ACg8ocLfz0hSSicjYuh33xFsyK53Va_X-vz0rbMZjD0dtoh_n9LOeQ=mo,GOOD job,4,0,1.0.51,2023-11-18T11:55:21,,,1.0.51,good job,positive
13e77979-76bf-4cc4-8131-d127b796efd5,worku Kiflu,https://play-lh.googleusercontent.com/a-/ALV-UjUKHS8OW5j7YORVV26ZrLFGSgJMEmLjD_HGadeFc6lRu0BzRNQ,It's easy and helpful,5,2,1.0.43,2022-08-17T11:27:44,,,1.0.43,easy helpful,positive
4b3aa660-ec6e-4eac-a08c-b38202d072b6,Amansisa Tadese,https://play-lh.googleusercontent.com/a-/ALV-UjXrXLn08r4eTlwjgGtd7Bsk1BqqEyg84T_kI8sMaMUesFmfFobkNw,Bad bad bad,1,0,,2023-02-04T11:10:00,,,,bad bad bad,negative
32cc399c-1460-47f8-be9d-126026698a65,TEKLAB ALENE,https://play-lh.googleusercontent.com/a/ACg8ocKL1bcNeyCGs76LR3bos1OSevRqL_dUxkyeONU03nLphg1aiQ=mo,Yase,5,0,1.0.43,2022-07-26T13:13:54,,,1.0.43,yase,neutral
e1f37990-26b7-41d0-89e6-298a6627362e,Saron mesfin,https://play-lh.googleusercontent.com/a/ACg8ocJFxVMnOZyTtKqDorKo00il75cYDgryCQ60Rcjw0GcrpTKIJQ=mo,its the best fir real,5,0,1.0.40,2023-12-06T11:49:36,,,1.0.40,best fir real,neutral
749d7087-6707-407f-9628-985e0c9b9f41,asmerom anday,https://play-lh.googleusercontent.com/a/ACg8ocKT-bd7oU7PAsFJEddJRlEiswZoGtadvkhcYijUkVbRzoTw4A=mo,It's good trip,5,0,1.0.53,2024-03-16T08:32:44,,,1.0.53,good trip,positive
c0d38053-45c0-47c7-9444-04b8c1160b14,MULu Girma,https://play-lh.googleusercontent.com/a/ACg8ocJmL0GaLmvJWt5mJBe3nBBXGsYUbO16nKFSHJloOAwqFwky=mo,",work",5,0,,2023-03-18T07:27:03,,,,work,positive
da0bb61b-76a1-4f53-a76e-1e61c7c1259b,Gospel Of Christ Jesus,https://play-lh.googleusercontent.com/a-/ALV-UjVxISXPEDID7UNTN4Z_JJo8B3NASOBgsAySWNeXIiN1v09dzvMR,Realiable,5,0,1.0.49,2022-12-24T15:48:05,,,1.0.49,realiable,positive
47f6a90f-7851-4e43-bbca-6b93a0cf77bd,Natanim Mekonnen,https://play-lh.googleusercontent.com/a-/ALV-UjXgXeAIBm8XUOzoBNfRrliKhQmZEZBC4lrFhDNvI8_2pqYrqf2eMg,It hasn't been working for over a month . When I open the app it closes instantly and says the app has a bug .,1,0,,2024-09-10T20:00:04,,,,hasnt working month open app closes instantly says app bug,negative
be86eee5-15c6-42b0-b2f7-6c42d2ee1a25,Geleta Addis,https://play-lh.googleusercontent.com/a-/ALV-UjU4kIFepHZlf1SWfcBE3EHHk5VAejOcncOjfyzL9glCbl9aDxjs,My #1 choice üëå,5,0,1.0.43,2022-09-05T08:46:03,,,1.0.43,1 choice,positive
298e80e9-b47a-4f67-993c-33e063623b71,Tiringo Mekonen,https://play-lh.googleusercontent.com/a-/ALV-UjWpVneQe06a77Fw1rccQma2VuhHGEj4w4BWkA2xLEoJUvmzMZzF,Is not open this app Please advice how to open,1,0,,2022-12-20T16:41:35,,,,open app please advice open,neutral
c324c58e-c2c6-4591-b186-143bfca5901c,Edilawit Tekabe,https://play-lh.googleusercontent.com/a-/ALV-UjXpd6vzj09aKCH1r0NmG-j6_uQpACsaN4h4S9YLYb1C2Z3RwwY,"After a driver confirmed my request, he wanted to cancel. So the operators called and asked me to cancel from my side in a very rude manner. One of them even hanged up the phone on me when I asked why don't the driver cancel it by himself.",1,0,1.0.55,2024-10-19T22:20:12,,,1.0.55,driver confirmed request wanted cancel operators called asked cancel side rude manner one even hanged phone asked dont driver cancel,negative
c48f9524-4bc6-4fe2-aaab-a00ac82b138b,Abdulwahab Muhammedsiraj,https://play-lh.googleusercontent.com/a-/ALV-UjWIbtWviNp6CQ6XN8MFMh8QxfIDsT_i0D_hZvdh2HpzHZBNPE5_,"It's a nice app that I prefer over other ride hailing apps, but I have a comments about the ""history"" feature: whenever I want to check my history, I only get 5 or 6; could all of my history be displayed?",4,8,1.0.43,2022-08-12T13:11:25,,,1.0.43,nice app prefer ride hailing apps comments history feature whenever want check history get 5 6 could history displayed,positive
5f2a1a3d-128f-4c51-b423-5cd29c9d5a76,Mitchell Conley,https://play-lh.googleusercontent.com/a/ACg8ocJ6kDacM3UO2Tj4jD9PwR955lgdwb8d2xR3LQ_kkWuc4dBGSQ=mo,Idiot drivers call you instead of just coming.,1,0,,2022-12-09T15:17:37,,,,idiot drivers call instead coming,negative
3b2f3941-fac2-4ab5-be4f-32a96b48211d,Leul Habte,https://play-lh.googleusercontent.com/a/ACg8ocIN82qeev-82p77qq99bz_RDgST9D8lMBRpmdhrJLyanJeXTA=mo,user signup/signin not working,1,2,1.0.61,2025-06-15T17:50:08,,,1.0.61,user signupsignin working,positive
d7daa23a-2c97-4122-b52a-a03810725706,Selamawit Mekonen,https://play-lh.googleusercontent.com/a/ACg8ocLPEGO6YnFo3fjPoPexaYl9dkLu2Pn5VjAxupYTiqQFSzK_4WhD=mo,Lots of rude and unprofessional drivers and worest customers service,2,0,1.0.49,2023-05-13T08:32:08,,,1.0.49,lots rude unprofessional drivers worest customers service,negative
a9e4141e-027d-478e-a967-a3923e89f1a5,Yared Tesfaye,https://play-lh.googleusercontent.com/a/ACg8ocKXnYlmQuUoaeDVrzKyrWMPRRJkdIYzs22Jr0uyz7Ke3TB4JA=mo,Adail,5,0,1.0.52,2024-02-20T01:52:15,,,1.0.52,adail,positive
1752c4eb-c40b-4b33-b4f2-d9a3e15dc96e,Mahlet Yeshaw,https://play-lh.googleusercontent.com/a/ACg8ocLk0DO4F1Y5iMDx8VphFbx780DddBzTeHdZi5YfAOWdYEteyQ=mo,Feresss,5,0,1.0.43,2022-08-01T03:24:58,,,1.0.43,feresss,negative
74ab02b2-2ded-4aa5-b98c-a3c4e9bcb84c,Reem Idris,https://play-lh.googleusercontent.com/a/ACg8ocLf_kPos58BmsXGAsHWIGN9oLYvm5h7kMHQhqjMlmn1iC_RCA=mo,Good customer service and very disciplined driver,5,1,1.0.43,2022-09-05T21:22:18,,,1.0.43,good customer service disciplined driver,positive
860e4ca4-0aa8-4a90-8a2f-9e806f822c00,Michael Hunde,https://play-lh.googleusercontent.com/a/ACg8ocLnriTsMtMtdV0UxcaHUVzEtdb7-31CSUrxlRhGjXLyWYEODA=mo,The bestüêéüêéüêé,5,0,1.0.43,2022-09-03T11:00:25,,,1.0.43,best,positive
ba4a7fec-4ec1-4922-bd1b-8f5a9343c6d6,Seble Getachew,https://play-lh.googleusercontent.com/a-/ALV-UjWafUei_sTa1CGGxlkIuusaZ-2NdoTsr6DLUh6C6tmDwdOnnPY,I left my phone in this rid imidetily we call your company and call the driver but he lie said I didn't see only I been in that rid that day. but the driver must be ban from from this.becouse there a lot ownest drivers there is.,5,0,1.0.49,2023-02-28T09:22:10,,,1.0.49,left phone rid imidetily call company call driver lie said didnt see rid day driver must ban thisbecouse lot ownest drivers,negative
e6c0637c-9d0b-4e8c-bdfe-1192d68a5fe9,Yasson Adv,https://play-lh.googleusercontent.com/a/ACg8ocKQBrSts5ZA-GOkNmgR22E_eX9aZTaefN0qs_PSxmlSoSihvA=mo,The app keeps crashing every time i tried to open it. I had used the app before it works fine but now i can't use the app any more.,3,0,,2025-01-02T23:01:21,,,,app keeps crashing every time tried open used app works fine cant use app,negative
ee9794c6-45e0-4437-94f3-5140340fb429,Elias Ji,https://play-lh.googleusercontent.com/a-/ALV-UjVqXcpkTgcIJ3TE6nx53LGjWfNvrn1uIe3ysg7xQF6tvNFckEHa,Needs a little adjustment towards indicating realtime. It sometimes culture last location,4,0,1.0.52,2024-01-15T17:53:00,,,1.0.52,needs little adjustment towards indicating realtime sometimes culture last location,neutral
aaf276f2-5203-43c3-8a39-9725faea49e0,Bruk Teklu,https://play-lh.googleusercontent.com/a-/ALV-UjVHcwGji4O2YRT3J-U6sLTqnU0Q07ARl9tCX5tFkRgL3v4HlxI,Wow wow wowüëåüëåüëåüëå,5,0,1.0.49,2023-09-09T15:58:50,,,1.0.49,wow wow wow,positive
93868549-6a1b-41c2-9b4a-68adc7e9f6ff,mulutsfa wondesen,https://play-lh.googleusercontent.com/a/ACg8ocIOEkMCri5RNuA9z0-A7wJvhBAd-OOBAgTUhPasGuAnQedrUA=mo,Best app ever #feres,5,0,,2022-08-01T02:43:58,,,,best app ever feres,positive
37602342-c1a3-48dc-a29d-e699772e7bb2,Abenezer Gez,https://play-lh.googleusercontent.com/a-/ALV-UjU9xcUTeWH2-mwowxYa1Z4KDYcniyjcihyPUOGKrK2hymFgs37G,Fix Ur bug,1,0,1.0.49,2024-04-06T09:30:44,,,1.0.49,fix ur bug,negative
cfdf7f98-6ec2-433d-9013-a56f6558d6fe,Edom Yohanes,https://play-lh.googleusercontent.com/a/ACg8ocKsOqbuRBmt0MsgtjrFbjS6imdEUFtBpuv6FblTmIaBf3ji8Q=mo,Feres yilyal,5,0,1.0.55,2024-11-11T04:44:53,,,1.0.55,feres yilyal,negative
967fe831-bcdb-45e2-9b0c-ae75cb701a3b,Zelalem ameya,https://play-lh.googleusercontent.com/a-/ALV-UjWSQXXllzJH79ubH3kxq6GM2r-mOt9vpUQsPQ-PGz7P3Q5elTm-,·àù·à≠·å• ·ä†·çï ·äê·ãç ·ã®50 ·â•·à≠ ·ä≥·à≠·ã∑ ·ã∞·àû ·âµ·å•·àõ·àà·âΩüòÅ,5,0,1.0.47,2022-10-24T19:06:19,,,1.0.47,·àù·à≠·å• ·ä†·çï ·äê·ãç ·ã®50 ·â•·à≠ ·ä≥·à≠·ã∑ ·ã∞·àû ·âµ·å•·àõ·àà·âΩ,positive
b6b0c495-1245-4946-8e92-9d0928963384,robel asfaw,https://play-lh.googleusercontent.com/a-/ALV-UjXnvYwwPXhxOOzeWxkxz4S0FlolfLzWbAytrbyQa63lcv1a98TU,"If Feres is the only ride in Ethiopia , i prefer walking",1,0,,2022-10-21T08:31:46,,,,feres ride ethiopia prefer walking,neutral
141a2580-00f3-4606-a0a9-801b403b81b9,Aman Bereket,https://play-lh.googleusercontent.com/a/ACg8ocJTxZhyAXVdU9bMK7xZQzZkJHTL4W7H7m0hoMRix3XHNht2bQ=mo,"It is good, but the actual price is always 15-25% more than the estimated price. This is a regular thing and happens all the time. If the app initially shows you the estimated price as 200birr, expect to pay somewhere between 230 and 250birr.",4,2,1.0.49,2023-07-11T23:45:46,,,1.0.49,good actual price always 1525 estimated price regular thing happens time app initially shows estimated price 200birr expect pay somewhere 230 250birr,positive
3694194e-2803-4596-a8b6-d0ef974448e5,Natan Legesse,https://play-lh.googleusercontent.com/a/ACg8ocJsAObc_hhdFGHOXA9ILkjphKQQCooxe2G1DEwIsfn68Dbs7A=mo,Very bad and very discusting,1,1,,2024-06-02T03:20:47,,,,bad discusting,negative
d0ad91a8-f440-40f5-b7bf-2c733064bf37,Sania Mititi,https://play-lh.googleusercontent.com/a-/ALV-UjWUCJSk25g3jOPE4cFRWL5VQ9l7HwTgmkeBlvusFqG1OIeM5-o,It nice,1,0,,2024-03-08T09:32:22,,,,nice,positive
925a179c-0388-4c53-995e-d6edf740c78f,matiwos negash,https://play-lh.googleusercontent.com/a/ACg8ocIgzWA1595kvDRH3TYSXxMDIiNH0CSh2cPG8N3j3iU72kxPFw=mo,Its Bad app,1,0,1.0.55,2025-01-24T16:13:59,,,1.0.55,bad app,negative
16d2e17b-2592-4a29-9edc-3705bee80c5c,Kidest Muluneshi,https://play-lh.googleusercontent.com/a/ACg8ocKX2hdBIrznbMgaFeeBjO_MD3rLqWPGtfdezR3b1LEKtePFlg=mo,Kid kid,5,0,1.0.49,2022-11-28T11:27:42,,,1.0.49,kid kid,positive
4f9a246c-ac9c-4d3d-92a2-43a9f60a4438,·ä†·â•·ã±·àç ·à≥·àö,https://play-lh.googleusercontent.com/a-/ALV-UjUv_6yKWbRw3qKOMA5HU8i1zX0SryxwOFAwn4lEemW6BFk3S4zLng,Good job Fere's,5,0,1.0.49,2023-04-21T21:54:35,,,1.0.49,good job feres,positive
00cb2b7a-efbf-415b-bac5-3ce8b7c381c6,Selamu Taye,https://play-lh.googleusercontent.com/a-/ALV-UjVpiFGcIbeHl0sQFAzYcEbYisiJCUf4fhnfFFCocEHbeFxALw,"Obviously ,it's good and safe to a ride but It's out of service after start it",1,0,1.0.49,2023-05-07T16:29:30,,,1.0.49,obviously good safe ride service start,positive
21a18481-cc00-4b0f-b7f0-7abb32541d23,tesfu tzu,https://play-lh.googleusercontent.com/a-/ALV-UjXQt7qsyeFb0bFeP47nX61PcchnnQCuWMH-jjkTVIo2fVB6tdN3,Good Feres,5,0,1.0.55,2024-05-28T02:04:02,,,1.0.55,good feres,positive
edc5336e-f3bc-40ae-b38d-19020440d265,fikir aklilu,https://play-lh.googleusercontent.com/a/ACg8ocKoMcHOhFGYsDoeUZ9IFO1zhge4l0x4PV2Rw76nVQzIecaxGA=mo,Great,5,0,1.0.40,2022-07-26T15:37:49,,,1.0.40,great,positive
f2a24062-d67f-4215-86e2-09eb2bda46d3,Abenezer Mohammed,https://play-lh.googleusercontent.com/a/ACg8ocLxwGTy6KXo53AnNkuC35ra-s263JWLXbPjRxs8TEk4GRoQ1w=mo,"Best Meter Taxi application that I have experienced ever, Keep taking feedbacks and map perfection as always üëç.....Fantastic",5,13,1.0.55,2024-04-15T15:38:39,,,1.0.55,best meter taxi application experienced ever keep taking feedbacks map perfection always fantastic,positive
f1ff4e09-3c58-4afb-8208-1eaa0d5dbfa0,Saliya ‚ÄúSaluti‚Äù Weldegorgis,https://play-lh.googleusercontent.com/a/ACg8ocJymDEjcoSq4gk4AToBSOmtezkeIO3GcUcNbRDBaEPjGIwXqw=mo,üëèüëèüëèüëèüëè,5,0,,2022-07-23T22:32:43,,,,,neutral
3bf70c11-b503-473a-a2bc-4d7f132b57f7,Nazme Awol,https://play-lh.googleusercontent.com/a-/ALV-UjV3-GyA-evh-S9k6joMu0TWmUGL3QxvZShNGqzfyLaUcDFRxK6s,I like Feres driver services very good,5,0,,2024-08-10T18:59:26,,,,like feres driver services good,positive
abdb29ca-2b82-4a2f-8159-263dcc502e72,Tigist Tesfaye,https://play-lh.googleusercontent.com/a/ACg8ocIx8waQnNBV9sy1Nu42Ox9UNDbIJ7fnjWxEork9dChXKK9peQ=mo,Good transportation system,5,0,1.0.40,2022-08-06T16:35:44,,,1.0.40,good transportation system,positive
7eb900dc-ca4d-45b4-a020-e624af7186ef,Divu Merakil,https://play-lh.googleusercontent.com/a-/ALV-UjXtBe23uJWdgw4ZeaLLjiKghCjVTQU4ILI0XIhns8Jc3WAnZld5,Please start another country,4,0,1.0.55,2024-09-29T23:28:19,,,1.0.55,please start another country,negative
cd1967be-63d2-45e3-90f4-c6c754a4aa47,Natnael ‚ÄúKaneTRUTH‚Äù,https://play-lh.googleusercontent.com/a/ACg8ocJITCzvbH1jZknJphCUUEFaAOctP71hBhVBggRWB7St3ljy0nXu=mo,The new version doesn't let you type names of destinations.,1,1,1.0.57,2025-03-19T15:54:52,,,1.0.57,new version doesnt let type names destinations,negative
2817a9d8-3d49-4a2f-836a-263b1f301e83,goshu bimerew,https://play-lh.googleusercontent.com/a-/ALV-UjUjikA38-ceew5JQ1s84Pa1h1FhbES7Zme7N7UFRaVjO5uiN8fi,Nice up,5,0,1.0.55,2024-08-27T15:03:46,,,1.0.55,nice,positive
b5edbd7f-69f6-41bf-b634-af9685f6f5ab,ephrem tewelde,https://play-lh.googleusercontent.com/a/ACg8ocKu3Rf_HnpEl4oseIzkYwqKUMia_dGc60oPynw-grBu--pWyQ=mo,Feres is the best transportation,5,0,1.0.43,2022-09-05T16:01:06,,,1.0.43,feres best transportation,positive
768074f8-3ff1-49d7-9fa8-2ac903e46707,MEKDI Mak,https://play-lh.googleusercontent.com/a/ACg8ocJepILTxHw9SYwA__Vvrl9u3E_llTrGlHHEmA-zFPyZ3IeDqQ=mo,The Best service ever!!,5,0,1.0.55,2024-05-29T08:21:46,,,1.0.55,best service ever,positive
0d1f528e-975d-47aa-99d6-5b5884d76e28,Eshetu Dargie,https://play-lh.googleusercontent.com/a-/ALV-UjVC3ETCWizGIGNJvd9DMs3oa4dYQ6-GGjap53GyGOv8-wupMnlC,TECNO F1 mobile site to get,5,0,,2022-12-01T15:15:24,,,,tecno f1 mobile site get,positive
dae16a8e-452b-4af7-8208-6be32fbdba98,Sumit Jha,https://play-lh.googleusercontent.com/a-/ALV-UjWEnIgsVLZo1_YYcrsC6rROefrL6DjKklS42tNAl2p8rSMYDLVm,Feres miles are not usable,1,0,,2022-12-18T23:54:18,,,,feres miles usable,positive
